-- FortuneBoot V1.0.1 SQLite 初始化数据
INSERT INTO fortune_book (book_id, group_id, book_name, default_currency, default_expense_account_id, default_income_account_id, default_transfer_out_account_id, default_transfer_in_account_id, sort, enable, recycle_bin, remark, creator_id, updater_id, update_time, create_time, deleted) VALUES (1, 1, '默认账本', 'CNY', null, null, null, null, null, 1, 0, '用于个人生活记账。将支出分为维持类，消费类，提升类，社交类4个大类，收入分为主动收入，被动收入，社交收入3个大类。', 1, 1, '2025-09-28 17:45:27', '2025-09-28 17:45:08', 0);
INSERT INTO fortune_category (category_id, category_type, category_name, book_id, parent_id, sort, enable, recycle_bin, remark, creator_id, updater_id, update_time, create_time, deleted) VALUES (1, 1, '维持类', 1, -1, 100, 1, 0, '维持生活的必须开支，是无法节省的开支。', 1, null, null, '2025-09-28 17:45:11', 0);
INSERT INTO fortune_category (category_id, category_type, category_name, book_id, parent_id, sort, enable, recycle_bin, remark, creator_id, updater_id, update_time, create_time, deleted) VALUES (2, 1, '消费类', 1, -1, 200, 1, 0, '可以节省的开支，比如娱乐，旅游等。', 1, null, null, '2025-09-28 17:45:11', 0);
INSERT INTO fortune_category (category_id, category_type, category_name, book_id, parent_id, sort, enable, recycle_bin, remark, creator_id, updater_id, update_time, create_time, deleted) VALUES (3, 1, '提升类', 1, -1, 300, 1, 0, '提升自己的生存能力，比如买书，保险等消费。', 1, null, null, '2025-09-28 17:45:12', 0);
INSERT INTO fortune_category (category_id, category_type, category_name, book_id, parent_id, sort, enable, recycle_bin, remark, creator_id, updater_id, update_time, create_time, deleted) VALUES (4, 1, '社交类', 1, -1, 400, 1, 0, '社交类型的支出，比如请朋友吃饭，送礼等。', 1, null, null, '2025-09-28 17:45:12', 0);
INSERT INTO fortune_category (category_id, category_type, category_name, book_id, parent_id, sort, enable, recycle_bin, remark, creator_id, updater_id, update_time, create_time, deleted) VALUES (5, 2, '主动收入', 1, -1, 100, 1, 0, '即劳动收入，指用时间来换取金钱，它最大的特点就是必须花费时间和精力去获得。', 1, null, null, '2025-09-28 17:45:12', 0);
INSERT INTO fortune_category (category_id, category_type, category_name, book_id, parent_id, sort, enable, recycle_bin, remark, creator_id, updater_id, update_time, create_time, deleted) VALUES (6, 2, '工资', 1, 5, 100, 1, 0, '', 1, null, null, '2025-09-28 17:45:12', 0);
INSERT INTO fortune_category (category_id, category_type, category_name, book_id, parent_id, sort, enable, recycle_bin, remark, creator_id, updater_id, update_time, create_time, deleted) VALUES (7, 2, '兼职', 1, 5, 200, 1, 0, '', 1, null, null, '2025-09-28 17:45:12', 0);
INSERT INTO fortune_category (category_id, category_type, category_name, book_id, parent_id, sort, enable, recycle_bin, remark, creator_id, updater_id, update_time, create_time, deleted) VALUES (8, 2, '薅羊毛', 1, 5, 300, 1, 0, '利用各种网络金融产品或红包活动推广下线抽成赚钱，比如外卖优惠券、减免优惠、送话费等。', 1, null, null, '2025-09-28 17:45:12', 0);
INSERT INTO fortune_category (category_id, category_type, category_name, book_id, parent_id, sort, enable, recycle_bin, remark, creator_id, updater_id, update_time, create_time, deleted) VALUES (9, 2, '被动收入', 1, -1, 200, 1, 0, '', 1, null, null, '2025-09-28 17:45:12', 0);
INSERT INTO fortune_category (category_id, category_type, category_name, book_id, parent_id, sort, enable, recycle_bin, remark, creator_id, updater_id, update_time, create_time, deleted) VALUES (10, 2, '理财', 1, 9, 100, 1, 0, '', 1, null, null, '2025-09-28 17:45:12', 0);
INSERT INTO fortune_category (category_id, category_type, category_name, book_id, parent_id, sort, enable, recycle_bin, remark, creator_id, updater_id, update_time, create_time, deleted) VALUES (11, 2, '租金', 1, 9, 200, 1, 0, '', 1, null, null, '2025-09-28 17:45:12', 0);
INSERT INTO fortune_category (category_id, category_type, category_name, book_id, parent_id, sort, enable, recycle_bin, remark, creator_id, updater_id, update_time, create_time, deleted) VALUES (12, 2, '社交收入', 1, -1, 300, 1, 0, '比如收到的红包。', 1, null, null, '2025-09-28 17:45:12', 0);
INSERT INTO fortune_group (group_id, group_name, default_currency, enable, default_book_id, remark, creator_id, updater_id, update_time, create_time, deleted) VALUES (1, '默认分组', 'CNY', 1, 1, '超级管理员初始化的默认分组。', 1, 1, '2025-09-28 17:45:12', '2025-09-28 17:45:08', 0);
INSERT INTO fortune_payee (payee_id, book_id, payee_name, can_expense, can_income, enable, recycle_bin, sort, remark, creator_id, updater_id, update_time, create_time, deleted) VALUES (1, 1, '美团外卖', 1, 0, 1, 0, 200, null, 1, null, null, '2025-09-28 17:45:12', 0);
INSERT INTO fortune_payee (payee_id, book_id, payee_name, can_expense, can_income, enable, recycle_bin, sort, remark, creator_id, updater_id, update_time, create_time, deleted) VALUES (2, 1, '京东商城', 1, 0, 1, 0, 100, null, 1, null, null, '2025-09-28 17:45:12', 0);
INSERT INTO fortune_payee (payee_id, book_id, payee_name, can_expense, can_income, enable, recycle_bin, sort, remark, creator_id, updater_id, update_time, create_time, deleted) VALUES (3, 1, '淘宝商城', 1, 0, 1, 0, 400, null, 1, null, null, '2025-09-28 17:45:12', 0);
INSERT INTO fortune_payee (payee_id, book_id, payee_name, can_expense, can_income, enable, recycle_bin, sort, remark, creator_id, updater_id, update_time, create_time, deleted) VALUES (4, 1, '拼多多', 1, 0, 1, 0, 300, null, 1, null, null, '2025-09-28 17:45:12', 0);
INSERT INTO fortune_tag (tag_id, tag_name, book_id, parent_id, can_expense, can_income, can_transfer, enable, sort, recycle_bin, remark, creator_id, updater_id, update_time, create_time, deleted) VALUES (1, '饮食', 1, -1, 1, 0, 0, 1, 100, 0, null, 1, null, null, '2025-09-28 17:45:08', 0);
INSERT INTO fortune_tag (tag_id, tag_name, book_id, parent_id, can_expense, can_income, can_transfer, enable, sort, recycle_bin, remark, creator_id, updater_id, update_time, create_time, deleted) VALUES (2, '居住', 1, -1, 1, 0, 0, 1, 200, 0, null, 1, null, null, '2025-09-28 17:45:08', 0);
INSERT INTO fortune_tag (tag_id, tag_name, book_id, parent_id, can_expense, can_income, can_transfer, enable, sort, recycle_bin, remark, creator_id, updater_id, update_time, create_time, deleted) VALUES (3, '衣着', 1, -1, 1, 0, 0, 1, 300, 0, '维护个人形象方面的支出，比如美容，美甲，衣服，首饰等。', 1, null, null, '2025-09-28 17:45:08', 0);
INSERT INTO fortune_tag (tag_id, tag_name, book_id, parent_id, can_expense, can_income, can_transfer, enable, sort, recycle_bin, remark, creator_id, updater_id, update_time, create_time, deleted) VALUES (4, '出行', 1, -1, 1, 0, 0, 1, 400, 0, null, 1, null, null, '2025-09-28 17:45:08', 0);
INSERT INTO fortune_tag (tag_id, tag_name, book_id, parent_id, can_expense, can_income, can_transfer, enable, sort, recycle_bin, remark, creator_id, updater_id, update_time, create_time, deleted) VALUES (5, '数码', 1, -1, 1, 0, 0, 1, 500, 0, null, 1, null, null, '2025-09-28 17:45:08', 0);
INSERT INTO fortune_tag (tag_id, tag_name, book_id, parent_id, can_expense, can_income, can_transfer, enable, sort, recycle_bin, remark, creator_id, updater_id, update_time, create_time, deleted) VALUES (6, '养车', 1, -1, 1, 0, 0, 1, 600, 0, null, 1, null, null, '2025-09-28 17:45:08', 0);
INSERT INTO fortune_tag (tag_id, tag_name, book_id, parent_id, can_expense, can_income, can_transfer, enable, sort, recycle_bin, remark, creator_id, updater_id, update_time, create_time, deleted) VALUES (7, '医疗', 1, -1, 1, 0, 0, 1, 700, 0, null, 1, null, null, '2025-09-28 17:45:08', 0);
INSERT INTO fortune_tag (tag_id, tag_name, book_id, parent_id, can_expense, can_income, can_transfer, enable, sort, recycle_bin, remark, creator_id, updater_id, update_time, create_time, deleted) VALUES (8, '教育', 1, -1, 1, 0, 0, 1, 800, 0, null, 1, null, null, '2025-09-28 17:45:08', 0);
INSERT INTO fortune_tag (tag_id, tag_name, book_id, parent_id, can_expense, can_income, can_transfer, enable, sort, recycle_bin, remark, creator_id, updater_id, update_time, create_time, deleted) VALUES (9, '娱乐', 1, -1, 1, 0, 0, 1, 900, 0, null, 1, null, null, '2025-09-28 17:45:08', 0);
INSERT INTO fortune_tag (tag_id, tag_name, book_id, parent_id, can_expense, can_income, can_transfer, enable, sort, recycle_bin, remark, creator_id, updater_id, update_time, create_time, deleted) VALUES (10, '日用', 1, -1, 1, 0, 0, 1, 1000, 0, '日用消耗品。', 1, null, null, '2025-09-28 17:45:08', 0);
INSERT INTO fortune_tag (tag_id, tag_name, book_id, parent_id, can_expense, can_income, can_transfer, enable, sort, recycle_bin, remark, creator_id, updater_id, update_time, create_time, deleted) VALUES (11, '早餐', 1, 1, 1, 0, 0, 1, 100, 0, null, 1, null, null, '2025-09-28 17:45:08', 0);
INSERT INTO fortune_tag (tag_id, tag_name, book_id, parent_id, can_expense, can_income, can_transfer, enable, sort, recycle_bin, remark, creator_id, updater_id, update_time, create_time, deleted) VALUES (12, '午餐', 1, 1, 1, 0, 0, 1, 200, 0, null, 1, null, null, '2025-09-28 17:45:09', 0);
INSERT INTO fortune_tag (tag_id, tag_name, book_id, parent_id, can_expense, can_income, can_transfer, enable, sort, recycle_bin, remark, creator_id, updater_id, update_time, create_time, deleted) VALUES (13, '晚餐', 1, 1, 1, 0, 0, 1, 300, 0, null, 1, null, null, '2025-09-28 17:45:09', 0);
INSERT INTO fortune_tag (tag_id, tag_name, book_id, parent_id, can_expense, can_income, can_transfer, enable, sort, recycle_bin, remark, creator_id, updater_id, update_time, create_time, deleted) VALUES (14, '零食', 1, 1, 1, 0, 0, 1, 400, 0, null, 1, null, null, '2025-09-28 17:45:09', 0);
INSERT INTO fortune_tag (tag_id, tag_name, book_id, parent_id, can_expense, can_income, can_transfer, enable, sort, recycle_bin, remark, creator_id, updater_id, update_time, create_time, deleted) VALUES (15, '买菜', 1, 1, 1, 0, 0, 1, 500, 0, null, 1, null, null, '2025-09-28 17:45:09', 0);
INSERT INTO fortune_tag (tag_id, tag_name, book_id, parent_id, can_expense, can_income, can_transfer, enable, sort, recycle_bin, remark, creator_id, updater_id, update_time, create_time, deleted) VALUES (16, '水果', 1, 1, 1, 0, 0, 1, 600, 0, null, 1, null, null, '2025-09-28 17:45:09', 0);
INSERT INTO fortune_tag (tag_id, tag_name, book_id, parent_id, can_expense, can_income, can_transfer, enable, sort, recycle_bin, remark, creator_id, updater_id, update_time, create_time, deleted) VALUES (17, '房租', 1, 2, 1, 0, 0, 1, 100, 0, null, 1, null, null, '2025-09-28 17:45:09', 0);
INSERT INTO fortune_tag (tag_id, tag_name, book_id, parent_id, can_expense, can_income, can_transfer, enable, sort, recycle_bin, remark, creator_id, updater_id, update_time, create_time, deleted) VALUES (18, '水费', 1, 2, 1, 0, 0, 1, 200, 0, null, 1, null, null, '2025-09-28 17:45:09', 0);
INSERT INTO fortune_tag (tag_id, tag_name, book_id, parent_id, can_expense, can_income, can_transfer, enable, sort, recycle_bin, remark, creator_id, updater_id, update_time, create_time, deleted) VALUES (19, '电费', 1, 2, 1, 0, 0, 1, 300, 0, null, 1, null, null, '2025-09-28 17:45:09', 0);
INSERT INTO fortune_tag (tag_id, tag_name, book_id, parent_id, can_expense, can_income, can_transfer, enable, sort, recycle_bin, remark, creator_id, updater_id, update_time, create_time, deleted) VALUES (20, '天然气', 1, 2, 1, 0, 0, 1, 400, 0, null, 1, null, null, '2025-09-28 17:45:09', 0);
INSERT INTO fortune_tag (tag_id, tag_name, book_id, parent_id, can_expense, can_income, can_transfer, enable, sort, recycle_bin, remark, creator_id, updater_id, update_time, create_time, deleted) VALUES (21, '物业费', 1, 2, 1, 0, 0, 1, 500, 0, null, 1, null, null, '2025-09-28 17:45:09', 0);
INSERT INTO fortune_tag (tag_id, tag_name, book_id, parent_id, can_expense, can_income, can_transfer, enable, sort, recycle_bin, remark, creator_id, updater_id, update_time, create_time, deleted) VALUES (22, '话费', 1, 2, 1, 0, 0, 1, 600, 0, null, 1, null, null, '2025-09-28 17:45:09', 0);
INSERT INTO fortune_tag (tag_id, tag_name, book_id, parent_id, can_expense, can_income, can_transfer, enable, sort, recycle_bin, remark, creator_id, updater_id, update_time, create_time, deleted) VALUES (23, '房贷', 1, 2, 1, 0, 0, 1, 700, 0, null, 1, null, null, '2025-09-28 17:45:09', 0);
INSERT INTO fortune_tag (tag_id, tag_name, book_id, parent_id, can_expense, can_income, can_transfer, enable, sort, recycle_bin, remark, creator_id, updater_id, update_time, create_time, deleted) VALUES (24, '衣服', 1, 3, 1, 0, 0, 1, 100, 0, null, 1, null, null, '2025-09-28 17:45:09', 0);
INSERT INTO fortune_tag (tag_id, tag_name, book_id, parent_id, can_expense, can_income, can_transfer, enable, sort, recycle_bin, remark, creator_id, updater_id, update_time, create_time, deleted) VALUES (25, '理发', 1, 3, 1, 0, 0, 1, 200, 0, null, 1, null, null, '2025-09-28 17:45:09', 0);
INSERT INTO fortune_tag (tag_id, tag_name, book_id, parent_id, can_expense, can_income, can_transfer, enable, sort, recycle_bin, remark, creator_id, updater_id, update_time, create_time, deleted) VALUES (26, '地铁', 1, 4, 1, 0, 0, 1, 100, 0, null, 1, null, null, '2025-09-28 17:45:09', 0);
INSERT INTO fortune_tag (tag_id, tag_name, book_id, parent_id, can_expense, can_income, can_transfer, enable, sort, recycle_bin, remark, creator_id, updater_id, update_time, create_time, deleted) VALUES (27, '公交', 1, 4, 1, 0, 0, 1, 200, 0, null, 1, null, null, '2025-09-28 17:45:10', 0);
INSERT INTO fortune_tag (tag_id, tag_name, book_id, parent_id, can_expense, can_income, can_transfer, enable, sort, recycle_bin, remark, creator_id, updater_id, update_time, create_time, deleted) VALUES (28, '打车', 1, 4, 1, 0, 0, 1, 300, 0, null, 1, null, null, '2025-09-28 17:45:10', 0);
INSERT INTO fortune_tag (tag_id, tag_name, book_id, parent_id, can_expense, can_income, can_transfer, enable, sort, recycle_bin, remark, creator_id, updater_id, update_time, create_time, deleted) VALUES (29, '顺风车', 1, 4, 1, 0, 0, 1, 400, 0, null, 1, null, null, '2025-09-28 17:45:10', 0);
INSERT INTO fortune_tag (tag_id, tag_name, book_id, parent_id, can_expense, can_income, can_transfer, enable, sort, recycle_bin, remark, creator_id, updater_id, update_time, create_time, deleted) VALUES (30, '高铁', 1, 4, 1, 0, 0, 1, 500, 0, null, 1, null, null, '2025-09-28 17:45:10', 0);
INSERT INTO fortune_tag (tag_id, tag_name, book_id, parent_id, can_expense, can_income, can_transfer, enable, sort, recycle_bin, remark, creator_id, updater_id, update_time, create_time, deleted) VALUES (31, '手机', 1, 5, 1, 0, 0, 1, 100, 0, null, 1, null, null, '2025-09-28 17:45:10', 0);
INSERT INTO fortune_tag (tag_id, tag_name, book_id, parent_id, can_expense, can_income, can_transfer, enable, sort, recycle_bin, remark, creator_id, updater_id, update_time, create_time, deleted) VALUES (32, '电脑', 1, 5, 1, 0, 0, 1, 200, 0, null, 1, null, null, '2025-09-28 17:45:10', 0);
INSERT INTO fortune_tag (tag_id, tag_name, book_id, parent_id, can_expense, can_income, can_transfer, enable, sort, recycle_bin, remark, creator_id, updater_id, update_time, create_time, deleted) VALUES (33, '软件', 1, 5, 1, 0, 0, 1, 300, 0, null, 1, null, null, '2025-09-28 17:45:10', 0);
INSERT INTO fortune_tag (tag_id, tag_name, book_id, parent_id, can_expense, can_income, can_transfer, enable, sort, recycle_bin, remark, creator_id, updater_id, update_time, create_time, deleted) VALUES (34, '配件', 1, 5, 1, 0, 0, 1, 400, 0, null, 1, null, null, '2025-09-28 17:45:10', 0);
INSERT INTO fortune_tag (tag_id, tag_name, book_id, parent_id, can_expense, can_income, can_transfer, enable, sort, recycle_bin, remark, creator_id, updater_id, update_time, create_time, deleted) VALUES (35, '加油', 1, 6, 1, 0, 0, 1, 100, 0, null, 1, null, null, '2025-09-28 17:45:10', 0);
INSERT INTO fortune_tag (tag_id, tag_name, book_id, parent_id, can_expense, can_income, can_transfer, enable, sort, recycle_bin, remark, creator_id, updater_id, update_time, create_time, deleted) VALUES (36, '停车', 1, 6, 1, 0, 0, 1, 200, 0, null, 1, null, null, '2025-09-28 17:45:10', 0);
INSERT INTO fortune_tag (tag_id, tag_name, book_id, parent_id, can_expense, can_income, can_transfer, enable, sort, recycle_bin, remark, creator_id, updater_id, update_time, create_time, deleted) VALUES (37, '维修', 1, 6, 1, 0, 0, 1, 300, 0, null, 1, null, null, '2025-09-28 17:45:10', 0);
INSERT INTO fortune_tag (tag_id, tag_name, book_id, parent_id, can_expense, can_income, can_transfer, enable, sort, recycle_bin, remark, creator_id, updater_id, update_time, create_time, deleted) VALUES (38, '洗车', 1, 6, 1, 0, 0, 1, 400, 0, null, 1, null, null, '2025-09-28 17:45:10', 0);
INSERT INTO fortune_tag (tag_id, tag_name, book_id, parent_id, can_expense, can_income, can_transfer, enable, sort, recycle_bin, remark, creator_id, updater_id, update_time, create_time, deleted) VALUES (39, '过路费', 1, 6, 1, 0, 0, 1, 500, 0, null, 1, null, null, '2025-09-28 17:45:10', 0);
INSERT INTO fortune_tag (tag_id, tag_name, book_id, parent_id, can_expense, can_income, can_transfer, enable, sort, recycle_bin, remark, creator_id, updater_id, update_time, create_time, deleted) VALUES (40, '违章罚款', 1, 6, 1, 0, 0, 1, 600, 0, null, 1, null, null, '2025-09-28 17:45:10', 0);
INSERT INTO fortune_tag (tag_id, tag_name, book_id, parent_id, can_expense, can_income, can_transfer, enable, sort, recycle_bin, remark, creator_id, updater_id, update_time, create_time, deleted) VALUES (41, '车险', 1, 6, 1, 0, 0, 1, 700, 0, null, 1, null, null, '2025-09-28 17:45:10', 0);
INSERT INTO fortune_tag (tag_id, tag_name, book_id, parent_id, can_expense, can_income, can_transfer, enable, sort, recycle_bin, remark, creator_id, updater_id, update_time, create_time, deleted) VALUES (42, '配饰', 1, 6, 1, 0, 0, 1, 800, 0, null, 1, null, null, '2025-09-28 17:45:10', 0);
INSERT INTO fortune_tag (tag_id, tag_name, book_id, parent_id, can_expense, can_income, can_transfer, enable, sort, recycle_bin, remark, creator_id, updater_id, update_time, create_time, deleted) VALUES (43, '年检', 1, 6, 1, 0, 0, 1, 900, 0, null, 1, null, null, '2025-09-28 17:45:11', 0);
INSERT INTO fortune_tag (tag_id, tag_name, book_id, parent_id, can_expense, can_income, can_transfer, enable, sort, recycle_bin, remark, creator_id, updater_id, update_time, create_time, deleted) VALUES (44, '烟', 1, 1, 1, 0, 0, 1, 700, 0, null, 1, null, null, '2025-09-28 17:45:11', 0);
INSERT INTO fortune_tag (tag_id, tag_name, book_id, parent_id, can_expense, can_income, can_transfer, enable, sort, recycle_bin, remark, creator_id, updater_id, update_time, create_time, deleted) VALUES (45, '酒', 1, 1, 1, 0, 0, 1, 800, 0, null, 1, null, null, '2025-09-28 17:45:11', 0);
INSERT INTO fortune_tag (tag_id, tag_name, book_id, parent_id, can_expense, can_income, can_transfer, enable, sort, recycle_bin, remark, creator_id, updater_id, update_time, create_time, deleted) VALUES (46, '饮用水', 1, 1, 1, 0, 0, 1, 900, 0, null, 1, null, null, '2025-09-28 17:45:11', 0);
INSERT INTO fortune_tag (tag_id, tag_name, book_id, parent_id, can_expense, can_income, can_transfer, enable, sort, recycle_bin, remark, creator_id, updater_id, update_time, create_time, deleted) VALUES (47, '牛奶', 1, 1, 1, 0, 0, 1, 1000, 0, null, 1, null, null, '2025-09-28 17:45:11', 0);
INSERT INTO fortune_tag (tag_id, tag_name, book_id, parent_id, can_expense, can_income, can_transfer, enable, sort, recycle_bin, remark, creator_id, updater_id, update_time, create_time, deleted) VALUES (48, '飞机', 1, 4, 1, 0, 0, 1, 600, 0, null, 1, null, null, '2025-09-28 17:45:11', 0);
INSERT INTO fortune_tag (tag_id, tag_name, book_id, parent_id, can_expense, can_income, can_transfer, enable, sort, recycle_bin, remark, creator_id, updater_id, update_time, create_time, deleted) VALUES (49, '体检', 1, 7, 1, 0, 0, 1, 100, 0, null, 1, null, null, '2025-09-28 17:45:11', 0);
INSERT INTO fortune_tag (tag_id, tag_name, book_id, parent_id, can_expense, can_income, can_transfer, enable, sort, recycle_bin, remark, creator_id, updater_id, update_time, create_time, deleted) VALUES (50, '保险', 1, 7, 1, 0, 0, 1, 200, 0, null, 1, null, null, '2025-09-28 17:45:11', 0);
INSERT INTO fortune_tag (tag_id, tag_name, book_id, parent_id, can_expense, can_income, can_transfer, enable, sort, recycle_bin, remark, creator_id, updater_id, update_time, create_time, deleted) VALUES (51, '保健品', 1, 7, 1, 0, 0, 1, 300, 0, null, 1, null, null, '2025-09-28 17:45:11', 0);
INSERT INTO fortune_tag (tag_id, tag_name, book_id, parent_id, can_expense, can_income, can_transfer, enable, sort, recycle_bin, remark, creator_id, updater_id, update_time, create_time, deleted) VALUES (52, '牙科', 1, 7, 1, 0, 0, 1, 400, 0, null, 1, null, null, '2025-09-28 17:45:11', 0);
INSERT INTO fortune_tag (tag_id, tag_name, book_id, parent_id, can_expense, can_income, can_transfer, enable, sort, recycle_bin, remark, creator_id, updater_id, update_time, create_time, deleted) VALUES (53, '买书', 1, 8, 1, 0, 0, 1, 100, 0, null, 1, null, null, '2025-09-28 17:45:11', 0);
INSERT INTO fortune_tag (tag_id, tag_name, book_id, parent_id, can_expense, can_income, can_transfer, enable, sort, recycle_bin, remark, creator_id, updater_id, update_time, create_time, deleted) VALUES (54, '培训', 1, 8, 1, 0, 0, 1, 200, 0, null, 1, null, null, '2025-09-28 17:45:11', 0);
INSERT INTO fortune_tag (tag_id, tag_name, book_id, parent_id, can_expense, can_income, can_transfer, enable, sort, recycle_bin, remark, creator_id, updater_id, update_time, create_time, deleted) VALUES (55, '游戏', 1, 9, 1, 0, 0, 1, 100, 0, null, 1, null, null, '2025-09-28 17:45:11', 0);
INSERT INTO fortune_tag (tag_id, tag_name, book_id, parent_id, can_expense, can_income, can_transfer, enable, sort, recycle_bin, remark, creator_id, updater_id, update_time, create_time, deleted) VALUES (56, '电影', 1, 9, 1, 0, 0, 1, 200, 0, null, 1, null, null, '2025-09-28 17:45:11', 0);
INSERT INTO fortune_tag (tag_id, tag_name, book_id, parent_id, can_expense, can_income, can_transfer, enable, sort, recycle_bin, remark, creator_id, updater_id, update_time, create_time, deleted) VALUES (57, '健身', 1, 9, 1, 0, 0, 1, 300, 0, null, 1, null, null, '2025-09-28 17:45:11', 0);
INSERT INTO fortune_user_group_relation (user_group_relation_id, role_type, group_id, user_id, creator_id, default_group, updater_id, update_time, create_time, deleted) VALUES (1, 1, 1, 1, 1, 1, null, null, '2025-09-28 17:45:08', 0);
INSERT INTO sys_config (config_id, config_name, config_key, config_options, config_value, is_allow_change, creator_id, updater_id, update_time, create_time, remark, deleted) VALUES (1, '主框架页-默认皮肤样式名称', 'sys.index.skinName', '["skin-blue","skin-green","skin-purple","skin-red","skin-yellow"]', 'skin-blue', 1, null, null, '2022-08-28 22:12:19', '2022-05-21 08:30:55', '蓝色 skin-blue、绿色 skin-green、紫色 skin-purple、红色 skin-red、黄色 skin-yellow', 0);
INSERT INTO sys_config (config_id, config_name, config_key, config_options, config_value, is_allow_change, creator_id, updater_id, update_time, create_time, remark, deleted) VALUES (2, '用户管理-账号初始密码', 'sys.user.initPassword', '', '12345678', 1, null, 1, '2025-02-17 16:50:59', '2022-05-21 08:30:55', '初始化密码 123456', 0);
INSERT INTO sys_config (config_id, config_name, config_key, config_options, config_value, is_allow_change, creator_id, updater_id, update_time, create_time, remark, deleted) VALUES (3, '主框架页-侧边栏主题', 'sys.index.sideTheme', '["theme-dark","theme-light"]', 'theme-dark', 1, null, null, '2022-08-28 22:12:15', '2022-08-20 08:30:55', '深色主题theme-dark，浅色主题theme-light', 0);
INSERT INTO sys_config (config_id, config_name, config_key, config_options, config_value, is_allow_change, creator_id, updater_id, update_time, create_time, remark, deleted) VALUES (4, '账号自助-验证码开关', 'sys.account.captchaOnOff', '["true","false"]', 'true', 1, null, 1, '2025-02-25 10:01:53', '2022-05-21 08:30:55', '是否开启验证码功能（true开启，false关闭）', 0);
INSERT INTO sys_config (config_id, config_name, config_key, config_options, config_value, is_allow_change, creator_id, updater_id, update_time, create_time, remark, deleted) VALUES (5, '账号自助-是否开启用户注册功能', 'sys.account.registerUser', '["true","false"]', 'true', 0, null, 1, '2025-02-17 16:51:16', '2022-05-21 08:30:55', '是否开启注册用户功能（true开启，false关闭）', 0);
INSERT INTO sys_config (config_id, config_name, config_key, config_options, config_value, is_allow_change, creator_id, updater_id, update_time, create_time, remark, deleted) VALUES (6, '系统配置-ICP备案', 'sys.config.icp', '', '暂未配置ICP备案信息', 1, null, 1, '2025-05-13 22:57:42', '2025-05-13 22:57:42', 'ICP备案号', 0);
INSERT INTO sys_config (config_id, config_name, config_key, config_options, config_value, is_allow_change, creator_id, updater_id, update_time, create_time, remark, deleted) VALUES (7, '首页大屏-金额显示/隐藏设置', 'sys.config.display', '["true","false"]', 'true', 1, null, null, null, '2025-06-30 09:44:57', '首页金额默认显示/隐藏设置', 0);
INSERT INTO sys_menu (menu_id, menu_name, menu_type, router_name, parent_id, path, is_button, permission, meta_info, status, remark, creator_id, create_time, updater_id, update_time, deleted) VALUES (1, '系统管理', 2, '', 0, '/system', 0, '', '{"title":"系统管理","icon":"ep:management","showLink":true,"showParent":true,"rank":3}', 1, '系统管理目录', 0, '2022-05-21 08:30:54', 1, '2025-02-16 22:42:29', 0);
INSERT INTO sys_menu (menu_id, menu_name, menu_type, router_name, parent_id, path, is_button, permission, meta_info, status, remark, creator_id, create_time, updater_id, update_time, deleted) VALUES (2, '系统监控', 2, '', 0, '/monitor', 0, '', '{"title":"系统监控","icon":"ep:monitor","showLink":true,"showParent":true,"rank":5}', 1, '系统监控目录', 0, '2022-05-21 08:30:54', 1, '2025-02-16 22:42:22', 0);
INSERT INTO sys_menu (menu_id, menu_name, menu_type, router_name, parent_id, path, is_button, permission, meta_info, status, remark, creator_id, create_time, updater_id, update_time, deleted) VALUES (3, '系统工具', 2, '', 0, '/tool', 0, '', '{"title":"系统工具","icon":"ep:tools","showLink":true,"showParent":true,"rank":4}', 1, '系统工具目录', 0, '2022-05-21 08:30:54', 1, '2025-02-16 22:42:26', 0);
INSERT INTO sys_menu (menu_id, menu_name, menu_type, router_name, parent_id, path, is_button, permission, meta_info, status, remark, creator_id, create_time, updater_id, update_time, deleted) VALUES (5, '用户管理', 1, 'SystemUser', 1, '/system/user/index', 0, 'system:user:list', '{"title":"用户管理","icon":"ep:user-filled","showParent":true}', 1, '用户管理菜单', 0, '2022-05-21 08:30:54', 1, '2023-08-14 23:16:13', 0);
INSERT INTO sys_menu (menu_id, menu_name, menu_type, router_name, parent_id, path, is_button, permission, meta_info, status, remark, creator_id, create_time, updater_id, update_time, deleted) VALUES (6, '角色管理', 1, 'SystemRole', 1, '/system/role/index', 0, 'system:role:list', '{"title":"角色管理","icon":"ep:user","showParent":true}', 1, '角色管理菜单', 0, '2022-05-21 08:30:54', 1, '2023-08-14 23:16:23', 0);
INSERT INTO sys_menu (menu_id, menu_name, menu_type, router_name, parent_id, path, is_button, permission, meta_info, status, remark, creator_id, create_time, updater_id, update_time, deleted) VALUES (7, '菜单管理', 1, 'MenuManagement', 1, '/system/menu/index', 0, 'system:menu:list', '{"title":"菜单管理","icon":"ep:menu","showParent":true}', 1, '菜单管理菜单', 0, '2022-05-21 08:30:54', 1, '2023-08-14 23:15:41', 0);
INSERT INTO sys_menu (menu_id, menu_name, menu_type, router_name, parent_id, path, is_button, permission, meta_info, status, remark, creator_id, create_time, updater_id, update_time, deleted) VALUES (8, '官方网站', 4, 'https://www.fortuneboot.com', 0, '/external', 0, '', '{"title":"官方网站","icon":"fa:home","showLink":true,"showParent":true,"rank":1}', 1, '', 1, '2025-04-27 17:14:53', null, null, 0);
INSERT INTO sys_menu (menu_id, menu_name, menu_type, router_name, parent_id, path, is_button, permission, meta_info, status, remark, creator_id, create_time, updater_id, update_time, deleted) VALUES (10, '参数设置', 1, 'Config', 1, '/system/config/index', 0, 'system:config:list', '{"title":"参数设置","icon":"ep:setting","showParent":true}', 1, '参数设置菜单', 0, '2022-05-21 08:30:54', 1, '2023-08-14 23:15:03', 0);
INSERT INTO sys_menu (menu_id, menu_name, menu_type, router_name, parent_id, path, is_button, permission, meta_info, status, remark, creator_id, create_time, updater_id, update_time, deleted) VALUES (11, '通知公告', 1, 'SystemNotice', 1, '/system/notice/index', 0, 'system:notice:list', '{"title":"通知公告","icon":"ep:notification","showParent":true}', 1, '通知公告菜单', 0, '2022-05-21 08:30:54', 1, '2023-08-14 23:14:56', 0);
INSERT INTO sys_menu (menu_id, menu_name, menu_type, router_name, parent_id, path, is_button, permission, meta_info, status, remark, creator_id, create_time, updater_id, update_time, deleted) VALUES (12, '日志管理', 1, 'LogManagement', 1, '/system/logd', 0, '', '{"title":"日志管理","icon":"ep:document","showParent":true}', 1, '日志管理菜单', 0, '2022-05-21 08:30:54', 1, '2023-08-14 23:14:47', 0);
INSERT INTO sys_menu (menu_id, menu_name, menu_type, router_name, parent_id, path, is_button, permission, meta_info, status, remark, creator_id, create_time, updater_id, update_time, deleted) VALUES (13, '在线用户', 1, 'OnlineUser', 2, '/system/monitor/onlineUser/index', 0, 'monitor:online:list', '{"title":"在线用户","icon":"fa-solid:users","showParent":true}', 1, '在线用户菜单', 0, '2022-05-21 08:30:54', 1, '2023-08-14 23:13:13', 0);
INSERT INTO sys_menu (menu_id, menu_name, menu_type, router_name, parent_id, path, is_button, permission, meta_info, status, remark, creator_id, create_time, updater_id, update_time, deleted) VALUES (14, '数据监控', 1, 'DataMonitor', 2, '/system/monitor/druid/index', 0, 'monitor:druid:list', '{"title":"数据监控","icon":"fa:database","showParent":true,"frameSrc":"/druid/login.html","isFrameSrcInternal":true}', 1, '数据监控菜单', 0, '2022-05-21 08:30:54', 1, '2023-08-14 23:13:25', 0);
INSERT INTO sys_menu (menu_id, menu_name, menu_type, router_name, parent_id, path, is_button, permission, meta_info, status, remark, creator_id, create_time, updater_id, update_time, deleted) VALUES (15, '服务监控', 1, 'ServerInfo', 2, '/system/monitor/server/index', 0, 'monitor:server:list', '{"title":"服务监控","icon":"fa:server","showParent":true}', 1, '服务监控菜单', 0, '2022-05-21 08:30:54', 1, '2023-08-14 23:13:34', 0);
INSERT INTO sys_menu (menu_id, menu_name, menu_type, router_name, parent_id, path, is_button, permission, meta_info, status, remark, creator_id, create_time, updater_id, update_time, deleted) VALUES (17, '系统接口', 1, 'SystemAPI', 3, '/tool/swagger/index', 0, 'tool:swagger:list', '{"title":"系统接口","icon":"ep:document-remove","showParent":true,"frameSrc":"/swagger-ui/index.html","isFrameSrcInternal":true}', 1, '系统接口菜单', 0, '2022-05-21 08:30:54', 1, '2023-08-14 23:14:01', 0);
INSERT INTO sys_menu (menu_id, menu_name, menu_type, router_name, parent_id, path, is_button, permission, meta_info, status, remark, creator_id, create_time, updater_id, update_time, deleted) VALUES (18, '操作日志', 1, 'OperationLog', 12, '/system/log/operationLog/index', 0, 'monitor:operlog:list', '{"title":"操作日志"}', 1, '操作日志菜单', 0, '2022-05-21 08:30:54', null, null, 0);
INSERT INTO sys_menu (menu_id, menu_name, menu_type, router_name, parent_id, path, is_button, permission, meta_info, status, remark, creator_id, create_time, updater_id, update_time, deleted) VALUES (19, '登录日志', 1, 'LoginLog', 12, '/system/log/loginLog/index', 0, 'monitor:logininfor:list', '{"title":"登录日志"}', 1, '登录日志菜单', 0, '2022-05-21 08:30:54', null, null, 0);
INSERT INTO sys_menu (menu_id, menu_name, menu_type, router_name, parent_id, path, is_button, permission, meta_info, status, remark, creator_id, create_time, updater_id, update_time, deleted) VALUES (20, '用户查询', 0, ' ', 5, '', 1, 'system:user:query', '{"title":"用户查询"}', 1, '', 0, '2022-05-21 08:30:54', null, null, 0);
INSERT INTO sys_menu (menu_id, menu_name, menu_type, router_name, parent_id, path, is_button, permission, meta_info, status, remark, creator_id, create_time, updater_id, update_time, deleted) VALUES (21, '用户新增', 0, ' ', 5, '', 1, 'system:user:add', '{"title":"用户新增"}', 1, '', 0, '2022-05-21 08:30:54', null, null, 0);
INSERT INTO sys_menu (menu_id, menu_name, menu_type, router_name, parent_id, path, is_button, permission, meta_info, status, remark, creator_id, create_time, updater_id, update_time, deleted) VALUES (22, '用户修改', 0, ' ', 5, '', 1, 'system:user:edit', '{"title":"用户修改"}', 1, '', 0, '2022-05-21 08:30:54', null, null, 0);
INSERT INTO sys_menu (menu_id, menu_name, menu_type, router_name, parent_id, path, is_button, permission, meta_info, status, remark, creator_id, create_time, updater_id, update_time, deleted) VALUES (23, '用户删除', 0, ' ', 5, '', 1, 'system:user:remove', '{"title":"用户删除"}', 1, '', 0, '2022-05-21 08:30:54', null, null, 0);
INSERT INTO sys_menu (menu_id, menu_name, menu_type, router_name, parent_id, path, is_button, permission, meta_info, status, remark, creator_id, create_time, updater_id, update_time, deleted) VALUES (24, '用户导出', 0, ' ', 5, '', 1, 'system:user:export', '{"title":"用户导出"}', 1, '', 0, '2022-05-21 08:30:54', null, null, 0);
INSERT INTO sys_menu (menu_id, menu_name, menu_type, router_name, parent_id, path, is_button, permission, meta_info, status, remark, creator_id, create_time, updater_id, update_time, deleted) VALUES (25, '用户导入', 0, ' ', 5, '', 1, 'system:user:import', '{"title":"用户导入"}', 1, '', 0, '2022-05-21 08:30:54', null, null, 0);
INSERT INTO sys_menu (menu_id, menu_name, menu_type, router_name, parent_id, path, is_button, permission, meta_info, status, remark, creator_id, create_time, updater_id, update_time, deleted) VALUES (26, '重置密码', 0, ' ', 5, '', 1, 'system:user:resetPwd', '{"title":"重置密码"}', 1, '', 0, '2022-05-21 08:30:54', null, null, 0);
INSERT INTO sys_menu (menu_id, menu_name, menu_type, router_name, parent_id, path, is_button, permission, meta_info, status, remark, creator_id, create_time, updater_id, update_time, deleted) VALUES (27, '角色查询', 0, ' ', 6, '', 1, 'system:role:query', '{"title":"角色查询"}', 1, '', 0, '2022-05-21 08:30:54', null, null, 0);
INSERT INTO sys_menu (menu_id, menu_name, menu_type, router_name, parent_id, path, is_button, permission, meta_info, status, remark, creator_id, create_time, updater_id, update_time, deleted) VALUES (28, '角色新增', 0, ' ', 6, '', 1, 'system:role:add', '{"title":"角色新增"}', 1, '', 0, '2022-05-21 08:30:54', null, null, 0);
INSERT INTO sys_menu (menu_id, menu_name, menu_type, router_name, parent_id, path, is_button, permission, meta_info, status, remark, creator_id, create_time, updater_id, update_time, deleted) VALUES (29, '角色修改', 0, ' ', 6, '', 1, 'system:role:edit', '{"title":"角色修改"}', 1, '', 0, '2022-05-21 08:30:54', null, null, 0);
INSERT INTO sys_menu (menu_id, menu_name, menu_type, router_name, parent_id, path, is_button, permission, meta_info, status, remark, creator_id, create_time, updater_id, update_time, deleted) VALUES (30, '角色删除', 0, ' ', 6, '', 1, 'system:role:remove', '{"title":"角色删除"}', 1, '', 0, '2022-05-21 08:30:54', null, null, 0);
INSERT INTO sys_menu (menu_id, menu_name, menu_type, router_name, parent_id, path, is_button, permission, meta_info, status, remark, creator_id, create_time, updater_id, update_time, deleted) VALUES (31, '角色导出', 0, ' ', 6, '', 1, 'system:role:export', '{"title":"角色导出"}', 1, '', 0, '2022-05-21 08:30:54', null, null, 0);
INSERT INTO sys_menu (menu_id, menu_name, menu_type, router_name, parent_id, path, is_button, permission, meta_info, status, remark, creator_id, create_time, updater_id, update_time, deleted) VALUES (32, '菜单查询', 0, ' ', 7, '', 1, 'system:menu:query', '{"title":"菜单查询"}', 1, '', 0, '2022-05-21 08:30:54', null, null, 0);
INSERT INTO sys_menu (menu_id, menu_name, menu_type, router_name, parent_id, path, is_button, permission, meta_info, status, remark, creator_id, create_time, updater_id, update_time, deleted) VALUES (33, '菜单新增', 0, ' ', 7, '', 1, 'system:menu:add', '{"title":"菜单新增"}', 1, '', 0, '2022-05-21 08:30:54', null, null, 0);
INSERT INTO sys_menu (menu_id, menu_name, menu_type, router_name, parent_id, path, is_button, permission, meta_info, status, remark, creator_id, create_time, updater_id, update_time, deleted) VALUES (34, '菜单修改', 0, ' ', 7, '', 1, 'system:menu:edit', '{"title":"菜单修改"}', 1, '', 0, '2022-05-21 08:30:54', null, null, 0);
INSERT INTO sys_menu (menu_id, menu_name, menu_type, router_name, parent_id, path, is_button, permission, meta_info, status, remark, creator_id, create_time, updater_id, update_time, deleted) VALUES (35, '菜单删除', 0, ' ', 7, '', 1, 'system:menu:remove', '{"title":"菜单删除"}', 1, '', 0, '2022-05-21 08:30:54', null, null, 0);
INSERT INTO sys_menu (menu_id, menu_name, menu_type, router_name, parent_id, path, is_button, permission, meta_info, status, remark, creator_id, create_time, updater_id, update_time, deleted) VALUES (45, '参数查询', 0, ' ', 10, '', 1, 'system:config:query', '{"title":"参数查询"}', 1, '', 0, '2022-05-21 08:30:54', null, null, 0);
INSERT INTO sys_menu (menu_id, menu_name, menu_type, router_name, parent_id, path, is_button, permission, meta_info, status, remark, creator_id, create_time, updater_id, update_time, deleted) VALUES (46, '参数新增', 0, ' ', 10, '', 1, 'system:config:add', '{"title":"参数新增"}', 1, '', 0, '2022-05-21 08:30:54', null, null, 0);
INSERT INTO sys_menu (menu_id, menu_name, menu_type, router_name, parent_id, path, is_button, permission, meta_info, status, remark, creator_id, create_time, updater_id, update_time, deleted) VALUES (47, '参数修改', 0, ' ', 10, '', 1, 'system:config:edit', '{"title":"参数修改"}', 1, '', 0, '2022-05-21 08:30:54', null, null, 0);
INSERT INTO sys_menu (menu_id, menu_name, menu_type, router_name, parent_id, path, is_button, permission, meta_info, status, remark, creator_id, create_time, updater_id, update_time, deleted) VALUES (48, '参数删除', 0, ' ', 10, '', 1, 'system:config:remove', '{"title":"参数删除"}', 1, '', 0, '2022-05-21 08:30:54', null, null, 0);
INSERT INTO sys_menu (menu_id, menu_name, menu_type, router_name, parent_id, path, is_button, permission, meta_info, status, remark, creator_id, create_time, updater_id, update_time, deleted) VALUES (49, '参数导出', 0, ' ', 10, '', 1, 'system:config:export', '{"title":"参数导出"}', 1, '', 0, '2022-05-21 08:30:54', null, null, 0);
INSERT INTO sys_menu (menu_id, menu_name, menu_type, router_name, parent_id, path, is_button, permission, meta_info, status, remark, creator_id, create_time, updater_id, update_time, deleted) VALUES (50, '公告查询', 0, ' ', 11, '', 1, 'system:notice:query', '{"title":"公告查询"}', 1, '', 0, '2022-05-21 08:30:54', null, null, 0);
INSERT INTO sys_menu (menu_id, menu_name, menu_type, router_name, parent_id, path, is_button, permission, meta_info, status, remark, creator_id, create_time, updater_id, update_time, deleted) VALUES (51, '公告新增', 0, ' ', 11, '', 1, 'system:notice:add', '{"title":"公告新增"}', 1, '', 0, '2022-05-21 08:30:54', null, null, 0);
INSERT INTO sys_menu (menu_id, menu_name, menu_type, router_name, parent_id, path, is_button, permission, meta_info, status, remark, creator_id, create_time, updater_id, update_time, deleted) VALUES (52, '公告修改', 0, ' ', 11, '', 1, 'system:notice:edit', '{"title":"公告修改"}', 1, '', 0, '2022-05-21 08:30:54', null, null, 0);
INSERT INTO sys_menu (menu_id, menu_name, menu_type, router_name, parent_id, path, is_button, permission, meta_info, status, remark, creator_id, create_time, updater_id, update_time, deleted) VALUES (53, '公告删除', 0, ' ', 11, '', 1, 'system:notice:remove', '{"title":"公告删除"}', 1, '', 0, '2022-05-21 08:30:54', null, null, 0);
INSERT INTO sys_menu (menu_id, menu_name, menu_type, router_name, parent_id, path, is_button, permission, meta_info, status, remark, creator_id, create_time, updater_id, update_time, deleted) VALUES (54, '操作查询', 0, ' ', 18, '', 1, 'monitor:operlog:query', '{"title":"操作查询"}', 1, '', 0, '2022-05-21 08:30:54', null, null, 0);
INSERT INTO sys_menu (menu_id, menu_name, menu_type, router_name, parent_id, path, is_button, permission, meta_info, status, remark, creator_id, create_time, updater_id, update_time, deleted) VALUES (55, '操作删除', 0, ' ', 18, '', 1, 'monitor:operlog:remove', '{"title":"操作删除"}', 1, '', 0, '2022-05-21 08:30:54', null, null, 0);
INSERT INTO sys_menu (menu_id, menu_name, menu_type, router_name, parent_id, path, is_button, permission, meta_info, status, remark, creator_id, create_time, updater_id, update_time, deleted) VALUES (56, '日志导出', 0, ' ', 18, '', 1, 'monitor:operlog:export', '{"title":"日志导出"}', 1, '', 0, '2022-05-21 08:30:54', null, null, 0);
INSERT INTO sys_menu (menu_id, menu_name, menu_type, router_name, parent_id, path, is_button, permission, meta_info, status, remark, creator_id, create_time, updater_id, update_time, deleted) VALUES (57, '登录查询', 0, ' ', 19, '', 1, 'monitor:logininfor:query', '{"title":"登录查询"}', 1, '', 0, '2022-05-21 08:30:54', null, null, 0);
INSERT INTO sys_menu (menu_id, menu_name, menu_type, router_name, parent_id, path, is_button, permission, meta_info, status, remark, creator_id, create_time, updater_id, update_time, deleted) VALUES (58, '登录删除', 0, ' ', 19, '', 1, 'monitor:logininfor:remove', '{"title":"登录删除"}', 1, '', 0, '2022-05-21 08:30:54', null, null, 0);
INSERT INTO sys_menu (menu_id, menu_name, menu_type, router_name, parent_id, path, is_button, permission, meta_info, status, remark, creator_id, create_time, updater_id, update_time, deleted) VALUES (59, '日志导出', 0, ' ', 19, '', 1, 'monitor:logininfor:export', '{"title":"日志导出","rank":22}', 1, '', 0, '2022-05-21 08:30:54', 1, '2023-07-22 17:02:28', 0);
INSERT INTO sys_menu (menu_id, menu_name, menu_type, router_name, parent_id, path, is_button, permission, meta_info, status, remark, creator_id, create_time, updater_id, update_time, deleted) VALUES (60, '在线查询', 0, ' ', 13, '', 1, 'monitor:online:query', '{"title":"在线查询"}', 1, '', 0, '2022-05-21 08:30:54', null, null, 0);
INSERT INTO sys_menu (menu_id, menu_name, menu_type, router_name, parent_id, path, is_button, permission, meta_info, status, remark, creator_id, create_time, updater_id, update_time, deleted) VALUES (61, '批量强退', 0, ' ', 13, '', 1, 'monitor:online:batchLogout', '{"title":"批量强退"}', 1, '', 0, '2022-05-21 08:30:54', null, null, 0);
INSERT INTO sys_menu (menu_id, menu_name, menu_type, router_name, parent_id, path, is_button, permission, meta_info, status, remark, creator_id, create_time, updater_id, update_time, deleted) VALUES (62, '单条强退', 0, ' ', 13, '', 1, 'monitor:online:forceLogout', '{"title":"单条强退"}', 1, '', 0, '2022-05-21 08:30:54', null, null, 0);
INSERT INTO sys_menu (menu_id, menu_name, menu_type, router_name, parent_id, path, is_button, permission, meta_info, status, remark, creator_id, create_time, updater_id, update_time, deleted) VALUES (66, '记账管理', 2, '', 0, '/fortune', 0, '', '{"title":"记账管理","icon":"fa:address-book","showLink":true,"showParent":true,"rank":6}', 1, '', 1, '2025-02-06 21:56:54', 1, '2025-02-22 17:28:55', 0);
INSERT INTO sys_menu (menu_id, menu_name, menu_type, router_name, parent_id, path, is_button, permission, meta_info, status, remark, creator_id, create_time, updater_id, update_time, deleted) VALUES (67, '分组管理', 1, 'FortuneGroup', 66, '/fortune/group/index', 0, '', '{"title":"分组管理","icon":"fa:group","showLink":true,"showParent":true,"rank":1}', 1, '', 1, '2025-02-06 21:49:50', 1, '2025-04-12 19:47:40', 0);
INSERT INTO sys_menu (menu_id, menu_name, menu_type, router_name, parent_id, path, is_button, permission, meta_info, status, remark, creator_id, create_time, updater_id, update_time, deleted) VALUES (68, '账本管理', 1, 'FortuneBook', 66, '/fortune/book/index', 0, '', '{"title":"账本管理","icon":"fa:book","showLink":true,"showParent":true,"rank":2}', 1, '', 1, '2025-02-06 21:00:26', 1, '2025-04-12 19:47:46', 0);
INSERT INTO sys_menu (menu_id, menu_name, menu_type, router_name, parent_id, path, is_button, permission, meta_info, status, remark, creator_id, create_time, updater_id, update_time, deleted) VALUES (69, '周期记账', 1, 'FortuneRecurringBill', 66, '/fortune/recurring-bill/index', 0, '', '{"title":"周期记账","icon":"fa-solid:recycle","showLink":true,"showParent":true,"rank":10}', 1, '', 1, '2025-07-08 21:48:37', 1, '2025-07-08 21:48:37', 0);
INSERT INTO sys_menu (menu_id, menu_name, menu_type, router_name, parent_id, path, is_button, permission, meta_info, status, remark, creator_id, create_time, updater_id, update_time, deleted) VALUES (81, '账户管理', 1, 'FortuneAccount', 66, '/fortune/account/index', 0, '', '{"title":"账户管理","icon":"fa:credit-card","showLink":true,"showParent":true,"rank":3}', 1, '', 1, '2025-02-07 15:46:23', 1, '2025-04-12 19:47:52', 0);
INSERT INTO sys_menu (menu_id, menu_name, menu_type, router_name, parent_id, path, is_button, permission, meta_info, status, remark, creator_id, create_time, updater_id, update_time, deleted) VALUES (82, '账单管理', 1, 'FortuneBill', 66, '/fortune/bill/index', 0, '', '{"title":"账单管理","icon":"fa-solid:money-bill-alt","showLink":true,"showParent":true,"rank":4}', 1, '', 1, '2025-02-08 23:14:36', 1, '2025-04-12 19:47:58', 0);
INSERT INTO sys_menu (menu_id, menu_name, menu_type, router_name, parent_id, path, is_button, permission, meta_info, status, remark, creator_id, create_time, updater_id, update_time, deleted) VALUES (83, '交易对象', 1, 'FortuneBookPayee', 84, '/fortune/payee/index', 0, '', '{"title":"交易对象","showLink":false,"showParent":true}', 1, '', 1, '2025-02-13 16:04:57', 1, '2025-02-22 17:09:26', 0);
INSERT INTO sys_menu (menu_id, menu_name, menu_type, router_name, parent_id, path, is_button, permission, meta_info, status, remark, creator_id, create_time, updater_id, update_time, deleted) VALUES (84, '账本配置', 2, '', 66, '/fortune/book/config', 0, '', '{"title":"账本配置","showLink":true,"showParent":true,"rank":5}', 1, '', 1, '2025-02-13 16:06:27', 1, '2025-04-12 19:48:06', 0);
INSERT INTO sys_menu (menu_id, menu_name, menu_type, router_name, parent_id, path, is_button, permission, meta_info, status, remark, creator_id, create_time, updater_id, update_time, deleted) VALUES (85, '标签管理', 1, 'FortuneBookTag', 84, '/fortune/tag/index', 0, '', '{"title":"标签管理","showLink":false,"showParent":true}', 1, '', 1, '2025-02-13 20:22:41', 1, '2025-02-22 17:09:22', 0);
INSERT INTO sys_menu (menu_id, menu_name, menu_type, router_name, parent_id, path, is_button, permission, meta_info, status, remark, creator_id, create_time, updater_id, update_time, deleted) VALUES (86, '分类管理', 1, 'FortuneBookCategory', 84, '/fortune/category/index', 0, '', '{"title":"分类管理","showLink":false,"showParent":true}', 1, '', 1, '2025-02-15 02:41:14', 1, '2025-02-22 17:09:19', 0);
INSERT INTO sys_menu (menu_id, menu_name, menu_type, router_name, parent_id, path, is_button, permission, meta_info, status, remark, creator_id, create_time, updater_id, update_time, deleted) VALUES (87, '回收站', 1, 'FortuneRecycleBin', 66, '/fortune/recycle-bin/index', 0, '', '{"title":"回收站","icon":"fa:recycle","showLink":true,"showParent":true,"rank":7}', 1, '', 1, '2025-02-16 16:50:46', 1, '2025-04-12 19:49:38', 0);
INSERT INTO sys_menu (menu_id, menu_name, menu_type, router_name, parent_id, path, is_button, permission, meta_info, status, remark, creator_id, create_time, updater_id, update_time, deleted) VALUES (88, '归物', 1, 'FortuneGoodsKeeper', 66, '/fortune/goods-keeper/index', 0, '', '{"title":"归物","icon":"fa:dropbox","showLink":true,"showParent":true,"rank":6}', 1, '', 1, '2025-05-06 16:50:46', 1, '2025-05-06 19:49:38', 0);
INSERT INTO sys_menu (menu_id, menu_name, menu_type, router_name, parent_id, path, is_button, permission, meta_info, status, remark, creator_id, create_time, updater_id, update_time, deleted) VALUES (89, '报表中心', 2, '', 0, '/report', 0, '', '{"title":"报表中心","icon":"fa:pie-chart","showLink":true,"showParent":true,"rank":7}', 1, '', 1, '2025-02-22 23:30:10', 1, '2025-02-22 23:30:52', 0);
INSERT INTO sys_menu (menu_id, menu_name, menu_type, router_name, parent_id, path, is_button, permission, meta_info, status, remark, creator_id, create_time, updater_id, update_time, deleted) VALUES (90, '单据管理', 1, 'FortuneFinanceOrder', 66, '/fortune/finance-order/index', 0, '', '{"title":"单据管理","icon":"fa:first-order","showLink":true,"showParent":true,"rank":11}', 1, '', 1, '2025-10-07 16:40:44', 1, '2025-10-07 16:41:23', 0);
INSERT INTO sys_menu (menu_id, menu_name, menu_type, router_name, parent_id, path, is_button, permission, meta_info, status, remark, creator_id, create_time, updater_id, update_time, deleted) VALUES (91, '支出分类', 1, 'FortuneCategoryExpense', 89, '/fortune/report/category/expense', 0, '', '{"title":"支出分类","icon":"fa:bookmark","showLink":true,"showParent":true,"rank":1}', 1, '', 1, '2025-03-05 21:03:59', 1, '2025-03-06 16:40:42', 0);
INSERT INTO sys_menu (menu_id, menu_name, menu_type, router_name, parent_id, path, is_button, permission, meta_info, status, remark, creator_id, create_time, updater_id, update_time, deleted) VALUES (92, '收入分类', 1, 'FortuneCategoryIncome', 89, '/fortune/report/category/income', 0, '', '{"title":"收入分类","icon":"fa:bookmark-o","showLink":true,"showParent":true,"rank":2}', 1, '', 1, '2025-03-06 17:50:41', null, null, 0);
INSERT INTO sys_menu (menu_id, menu_name, menu_type, router_name, parent_id, path, is_button, permission, meta_info, status, remark, creator_id, create_time, updater_id, update_time, deleted) VALUES (93, '支出标签', 1, 'FortuneTagExpense', 89, '/fortune/report/tag/expense', 0, '', '{"title":"支出标签","icon":"fa:calendar-minus-o","showLink":true,"showParent":true,"rank":3}', 1, '', 1, '2025-03-06 17:57:55', null, null, 0);
INSERT INTO sys_menu (menu_id, menu_name, menu_type, router_name, parent_id, path, is_button, permission, meta_info, status, remark, creator_id, create_time, updater_id, update_time, deleted) VALUES (94, '收入标签', 1, 'FortuneTagIncome', 89, '/fortune/report/tag/income', 0, '', '{"title":"收入标签","icon":"fa:calendar-plus-o","showLink":true,"showParent":true,"rank":4}', 1, '', 1, '2025-03-06 17:58:45', null, null, 0);
INSERT INTO sys_menu (menu_id, menu_name, menu_type, router_name, parent_id, path, is_button, permission, meta_info, status, remark, creator_id, create_time, updater_id, update_time, deleted) VALUES (95, '支出对象', 1, 'FortunePayeeExpense', 89, '/fortune/report/payee/expense', 0, '', '{"title":"支出对象","icon":"fa:paperclip","showLink":true,"showParent":true,"rank":5}', 1, '', 1, '2025-03-06 18:14:29', null, null, 0);
INSERT INTO sys_menu (menu_id, menu_name, menu_type, router_name, parent_id, path, is_button, permission, meta_info, status, remark, creator_id, create_time, updater_id, update_time, deleted) VALUES (96, '收入对象', 1, 'FortunePayeeIncome', 89, '/fortune/report/payee/income', 0, '', '{"title":"收入对象","icon":"ep:paperclip","showParent":true,"rank":6}', 1, '', 1, '2025-03-06 18:33:49', 1, '2025-03-06 18:59:03', 0);
INSERT INTO sys_menu (menu_id, menu_name, menu_type, router_name, parent_id, path, is_button, permission, meta_info, status, remark, creator_id, create_time, updater_id, update_time, deleted) VALUES (97, '汇率中心', 1, 'FortuneCurrency', 66, '/fortune/currency/index', 0, '', '{"title":"汇率中心","icon":"fa:dollar","showLink":true,"showParent":true,"rank":7}', 1, '', 1, '2025-04-12 19:47:04', 1, '2025-04-12 19:50:31', 0);
INSERT INTO sys_role (role_id, role_name, role_key, role_sort, data_scope, status, allow_register, is_admin, creator_id, create_time, updater_id, update_time, remark, deleted) VALUES (1, '超级管理员', 'admin', 1, 1, 1, 0, 1, null, '2022-05-21 08:30:54', null, null, '超级管理员', 0);
INSERT INTO sys_role (role_id, role_name, role_key, role_sort, data_scope, status, allow_register, is_admin, creator_id, create_time, updater_id, update_time, remark, deleted) VALUES (2, '普通角色', 'common', 3, 5, 1, 1, 0, null, '2022-05-21 08:30:54', 7, '2025-03-06 18:37:48', '普通角色', 0);
INSERT INTO sys_role (role_id, role_name, role_key, role_sort, data_scope, status, allow_register, is_admin, creator_id, create_time, updater_id, update_time, remark, deleted) VALUES (3, '闲置角色', 'unused', 4, 5, 0, 0, 0, null, '2022-05-21 08:30:54', 1, '2025-02-22 17:11:36', '未使用的角色', 0);
INSERT INTO sys_role_menu (role_id, menu_id) VALUES (2, 66);
INSERT INTO sys_role_menu (role_id, menu_id) VALUES (2, 67);
INSERT INTO sys_role_menu (role_id, menu_id) VALUES (2, 68);
INSERT INTO sys_role_menu (role_id, menu_id) VALUES (2, 69);
INSERT INTO sys_role_menu (role_id, menu_id) VALUES (2, 81);
INSERT INTO sys_role_menu (role_id, menu_id) VALUES (2, 82);
INSERT INTO sys_role_menu (role_id, menu_id) VALUES (2, 83);
INSERT INTO sys_role_menu (role_id, menu_id) VALUES (2, 84);
INSERT INTO sys_role_menu (role_id, menu_id) VALUES (2, 85);
INSERT INTO sys_role_menu (role_id, menu_id) VALUES (2, 86);
INSERT INTO sys_role_menu (role_id, menu_id) VALUES (2, 87);
INSERT INTO sys_role_menu (role_id, menu_id) VALUES (2, 88);
INSERT INTO sys_role_menu (role_id, menu_id) VALUES (2, 89);
INSERT INTO sys_role_menu (role_id, menu_id) VALUES (2, 91);
INSERT INTO sys_role_menu (role_id, menu_id) VALUES (2, 92);
INSERT INTO sys_role_menu (role_id, menu_id) VALUES (2, 93);
INSERT INTO sys_role_menu (role_id, menu_id) VALUES (2, 94);
INSERT INTO sys_role_menu (role_id, menu_id) VALUES (2, 95);
INSERT INTO sys_role_menu (role_id, menu_id) VALUES (2, 96);
INSERT INTO sys_role_menu (role_id, menu_id) VALUES (2, 97);
INSERT INTO sys_role_menu (role_id, menu_id) VALUES (111, 1);
INSERT INTO sys_user (user_id, role_id, username, nickname, user_type, email, phone_number, sex, avatar, password, status, login_ip, login_date, is_admin, source, creator_id, create_time, updater_id, update_time, remark, deleted) VALUES (1, 1, 'admin', 'fortune', 0, 'fortuneboot1@gmail.com', '15888888883', 0, '/profile/avatar/20230725164110_blob_6b7a989b1cdd4dd396665d2cfd2addc5.png', '$2a$10$o55UFZAtyWnDpRV6dvQe8.c/MjlFacC49ASj2usNXm9BY74SYI/uG', 1, '0:0:0:0:0:0:0:1', '2025-03-06 20:17:33', 1, 0, null, '2022-05-21 08:30:54', 1, '2025-03-06 20:17:33', '管理员', 0);
